Text,Actual Label,Predicted Label
"Funny fact Nobody teaches volcanoes 2 erupt, tsunamis 2 arise, hurricanes 2 sway aroundn no 1 teaches hw 2 choose a wife Natural disasters just happens",0,0
"I sent my scores to sophas and i had to do secondary application for a few schools. I think if you are thinking of applying, do a research on cost also. Contact joke ogunrinde, her school is one me the less expensive ones",0,0
"We know someone who you know that fancies you. Call 09058097218 to find out who. POBox 6, LS15HB 150p",1,0
Only if you promise your getting out as SOON as you can. And you'll text me in the morning to let me know you made it in ok.,0,0
Congratulations ur awarded either å£500 of CD gift vouchers & Free entry 2 our å£100 weekly draw txt MUSIC to 87066 TnCs www.Ldew.com1win150ppmx3age16,1,1
"I'll text carlos and let you know, hang on",0,0
K.i did't see you.:)k:)where are you now?,0,0
No message..no responce..what happend?,0,0
Get down in gandhipuram and walk to cross cut road. Right side &lt;#&gt; street road and turn at first right.,0,0
You flippin your shit yet?,0,0
For real tho this sucks. I can't even cook my whole electricity is out. And I'm hungry.,0,0
Free tones Hope you enjoyed your new content. text stop to 61610 to unsubscribe. help:08712400602450p Provided by tones2you.co.uk,1,1
I'm wif him now buying tix lar...,0,0
Call me when u finish then i come n pick u.,0,0
Dear how is chechi. Did you talk to her,0,0
What's up. Do you want me to come online?,0,0
Were somewhere on Fredericksburg,0,0
"URGENT! Your mobile was awarded a å£1,500 Bonus Caller Prize on 27/6/03. Our final attempt 2 contact U! Call 08714714011",1,1
When can Ì_ come out?,0,0
"K, if u bored up just come to my home..",0,0
Can Ì_ call me at 10:10 to make sure dat i've woken up...,0,0
Boy; I love u Grl: Hogolo Boy: gold chain kodstini Grl: Agalla Boy: necklace madstini Grl: agalla Boy: Hogli 1 mutai eerulli kodthini! Grl: I love U kano;-),0,0
A bloo bloo bloo I'll miss the first bowl,0,0
"Yeah sure, give me a couple minutes to track down my wallet",0,0
"This is the 2nd time we have tried 2 contact u. U have won the å£750 Pound prize. 2 claim is easy, call 087187272008 NOW1! Only 10p per minute. BT-national-rate.",1,1
No it was cancelled yeah baby! Well that sounds important so i understand my darlin give me a ring later on this fone love Kate x,0,0
Its not the same here. Still looking for a job. How much do Ta's earn there.,0,0
"Gud gud..k, chikku tke care.. sleep well gud nyt",0,0
I'll reach in ard 20 mins ok...,0,0
Wat Ì_ doing now?,0,0
Done it but internet connection v slow and can‰Û÷t send it. Will try again later or first thing tomo.,0,0
Yup. Izzit still raining heavily cos i'm in e mrt i can't c outside.,0,0
Hi I'm sue. I am 20 years old and work as a lapdancer. I love sex. Text me live - I'm i my bedroom now. text SUE to 89555. By TextOperator G2 1DA 150ppmsg 18+,1,0
Can you pls send me that company name. In saibaba colany,0,0
"I can't speak, bcaz mobile have problem. I can listen you but you cann't listen my voice. So i calls you later.",0,0
Yes i think so. I am in office but my lap is in room i think thats on for the last few days. I didnt shut that down,0,0
Yeah it's jus rite...,0,0
Hey mate. Spoke to the mag people. We‰Û÷re on.  the is deliver by the end of the month. Deliver on the 24th sept. Talk later. ,0,0
I know you mood off today,0,0
Alrite jod hows the revision goin? Keris bin doin a smidgin. N e way u wanna cum over after college?xx,0,0
"see, i knew giving you a break a few times woul lead to you always wanting to miss curfew. I was gonna gibe you 'til one, but a MIDNIGHT movie is not gonna get out til after 2. You need to come home. You need to getsleep and, if anything, you need to b studdying ear training.",0,0
Lol ... I knew that .... I saw him in the dollar store,0,0
We tried to call you re your reply to our sms for a video mobile 750 mins UNLIMITED TEXT free camcorder Reply or call now 08000930705 Del Thurs,1,1
Hey gals...U all wanna meet 4 dinner at nÌÂte? ,0,0
Aft i finish my lunch then i go str down lor. Ard 3 smth lor. U finish ur lunch already?,0,0
"Y cant u try new invention to fly..i'm not joking.,",0,0
"that would be good ‰Û_ I'll phone you tomo lunchtime, shall I, to organise something?",0,0
LOL that would be awesome payback.,0,0
You'd like that wouldn't you? Jerk!,0,0
"Yeah there's barely enough room for the two of us, x has too many fucking shoes. Sorry man, see you later",0,0
HMV BONUS SPECIAL 500 pounds of genuine HMV vouchers to be won. Just answer 4 easy questions. Play Now! Send HMV to 86688 More info:www.100percent-real.com,1,1
He remains a bro amongst bros,0,0
Do you want a New Nokia 3510i colour phone DeliveredTomorrow? With 300 free minutes to any mobile + 100 free texts + Free Camcorder reply or call 08000930705,1,1
If you're not in my car in an hour and a half I'm going apeshit,0,0
"Cool, text me when you head out",0,0
That's y i said it's bad dat all e gals know u... Wat u doing now?,0,0
I know girls always safe and selfish know i got it pa. Thank you. good night.,0,0
Ok.. ÌÏ finishing soon?,0,0
"life alle mone,eppolum oru pole allalo",0,0
"If i let you do this, i want you in the house by 8am.",0,0
Daddy will take good care of you :),0,0
Buy Space Invaders 4 a chance 2 win orig Arcade Game console. Press 0 for Games Arcade (std WAP charge) See o2.co.uk/games 4 Terms + settings. No purchase,1,0
Just do what ever is easier for you,0,0
But i have to. I like to have love and arrange.,0,0
HI DARLIN I HOPE YOU HAD A NICE NIGHT I WISH I HAD COME CANT WAIT TO SEE YOU LOVE FRAN PS I WANT DIRTY ANAL SEX AND I WANT A 10 MAN GANG BANG,0,0
"Goodmorning, Today i am late for  &lt;#&gt; min.",0,0
As per your request 'Maangalyam (Alaipayuthe)' has been set as your callertune for all Callers. Press *9 to copy your friends Callertune,0,0
I wish u were here. I feel so alone,0,0
"Awesome question with a cute answer: Someone asked a boy \how is ur life?\"" . . He smiled &amp; answered: . . \""She is fine!\"" Gudnite""",0,0
Ur HMV Quiz cash-balance is currently å£500 - to maximize ur cash-in now send HMV1 to 86688 only 150p/msg,1,1
So wat's da decision?,0,0
K.k:)advance happy pongal.,0,0
Unless it's a situation where YOU GO GURL would be more appropriate,0,0
"Honeybee Said: *I'm d Sweetest in d World* God Laughed &amp; Said: *Wait,U Havnt Met d Person Reading This Msg* MORAL: Even GOD Can Crack Jokes! GM+GN+GE+GN:)",0,0
"THATåÕS ALRITE GIRL, U KNOW GAIL IS NEVA WRONG!!TAKE CARE SWEET AND DONåÕT WORRY.C U L8TR HUN!LOVE Yaxxx",0,0
WINNER!! As a valued network customer you have been selected to receivea å£900 prize reward! To claim call 09061701461. Claim code KL341. Valid 12 hours only.,1,1
There's someone here that has a year  &lt;#&gt;  toyota camry like mr olayiwola's own. Mileage is  &lt;#&gt; k.its clean but i need to know how much will it sell for. If i can raise the dough for it how soon after landing will it sell. Holla back.,0,0
Ma head dey swell oh. Thanks for making my day,0,0
Ok... Take ur time n enjoy ur dinner...,0,0
"Sad story of a Man - Last week was my b'day. My Wife did'nt wish me. My Parents forgot n so did my Kids . I went to work. Even my Colleagues did not wish. As I entered my cabin my PA said, '' Happy B'day Boss !!''. I felt special. She askd me 4 lunch. After lunch she invited me to her apartment. We went there. She said,'' do u mind if I go into the bedroom for a minute ? '' ''OK'', I sed in a sexy mood. She came out 5 minuts latr wid a cake...n My Wife, My Parents, My Kidz, My Friends n My Colleagues. All screaming.. SURPRISE !! and I was waiting on the sofa.. ... ..... ' NAKED...!",0,0
Ok thanx... Take care then...,0,0
K:)eng rocking in ashes:),0,0
I'm home...,0,0
"wiskey Brandy Rum Gin Beer Vodka Scotch Shampain Wine \KUDI\""yarasu dhina vaazhthukkal. ..""",0,0
Now thats going to ruin your thesis!,0,0
Lemme know when you're here,0,0
1Apple/Day=No Doctor. 1Tulsi Leaf/Day=No Cancer. 1Lemon/Day=No Fat. 1Cup Milk/day=No Bone Problms 3 Litres Watr/Day=No Diseases Snd ths 2 Whom U Care..:-),0,0
yay! finally lol. i missed our cinema trip last week :-(,0,0
How did you find out in a way that didn't include all of these details,0,0
Great. Hope you are using your connections from mode men also cos you can never know why old friends can lead you to today,0,0
For fear of fainting with the of all that housework you just did? Quick have a cuppa,0,0
Am I the only one who doesn't stalk profiles?,0,0
Aiyar u so poor thing... I give u my support k... Jia you! I'll think of u...,0,0
Okie... Thanx...,0,0
"Sorry, I'll call later",0,0
Mum say we wan to go then go... Then she can shun bian watch da glass exhibition... ,0,0
"Did you say bold, then torch later. Or one torch and 2bold?",0,0
Not yet chikku..wat abt u?,0,0
What was she looking for?,0,0
Shopping? Eh ger i toking abt syd leh...Haha,0,0
I liked the new mobile,0,1
Now am free call me pa.,0,0
Wat r u doing?,0,0
"Single line with a big meaning::::: \Miss anything 4 ur \""Best Life\"" but",0,0
They just talking thats it de. They wont any other.,0,0
Yep. I do like the pink furniture tho.,0,0
Thanks honey but still haven't heard anything I will leave it a bit longer so not 2 crowd him and will try later - great advice thanks hope cardiff is still there!,0,0
Then Ì_ ask dad to pick Ì_ up lar... ÌÏ wan 2 stay until 6 meh...,0,0
"Sorry pa, i dont knw who ru pa?",0,0
U WILL SWITCH YOUR FONE ON DAMMIT!!,0,0
I'm at work. Please call,0,0
Well i will watch shrek in 3D!!B),0,0
Long after I quit. I get on only like 5 minutes a day as it is.,0,0
Hey you told your name to gautham ah?,0,0
Happy New Year Princess!,0,0
"Coffee cake, i guess...",0,0
I wont touch you with out your permission.,0,0
"Sometimes we put walls around our hearts,not just to be safe from getting hurt.. But to find out who cares enough to break the walls &amp; get closer.. GOODNOON:)",0,0
"\Speak only when you feel your words are better than the silence...\"" Gud mrng:-)""",0,0
"I got like $ &lt;#&gt; , I can get some more later though. Get whatever you feel like",0,0
"K I'm ready,  &lt;#&gt; ?",0,0
"Sir, I need Velusamy sir's date of birth and company bank facilities details.",0,0
"Rose needs water, season needs change, poet needs imagination..My phone needs ur sms and i need ur lovely frndship forever....",0,0
"Wan2 win a Meet+Greet with Westlife 4 U or a m8? They are currently on what tour? 1)Unbreakable, 2)Untamed, 3)Unkempt. Text 1,2 or 3 to 83049. Cost 50p +std text",1,0
"I know you are thinkin malaria. But relax, children cant handle malaria. She would have been worse and its gastroenteritis. If she takes enough to replace her loss her temp will reduce. And if you give her malaria meds now she will just vomit. Its a self limiting illness she has which means in a few days it will completely stop",0,0
Are you this much buzy,0,0
Ok. Every night take a warm bath drink a cup of milk and you'll see a work of magic. You still need to loose weight. Just so that you know,0,0
Yo do you know anyone  &lt;#&gt;  or otherwise able to buy liquor? Our guy flaked and right now if we don't get a hold of somebody its just 4 loko all night,0,0
And smile for me right now as you go and the world will wonder what you are smiling about and think your crazy and keep away from you ... *grins*,0,0
SMS AUCTION - A BRAND NEW Nokia 7250 is up 4 auction today! Auction is FREE 2 join & take part! Txt NOKIA to 86021 now!,1,1
"Happy or sad , one thing about past is- \Its no more\"" GOOD MORNING :-):-).""",0,0
aathi..where are you dear..,0,0
"OH MR SHEFFIELD! You wanna play THAT game, okay. You're the boss and I'm the nanny. You give me a raise and I'll give YOU one!!",0,0
"K, wen ur free come to my home and also tel vikky i hav sent mail to him also.. Better come evening il be free today aftr 6pm..:-)",0,0
Ugh I don't wanna get out of bed. It's so warm.,0,0
Ummmmmaah Many many happy returns of d day my dear sweet heart.. HAPPY BIRTHDAY dear,0,0
Doc prescribed me morphine cause the other pain meds aren't enough. Waiting for my mom to bring it. That med should kick in fast so I'm gonna try to be on later,0,0
Aiyah sorry lor... I watch tv watch until i forgot 2 check my phone.,0,0
Dis is yijue. I jus saw ur mail. In case huiming havent sent u my num. Dis is my num.,0,0
Kay... Since we are out already ,0,0
We have pizza if u want,0,0
"Aight, I'll text you when I'm back",0,0
"Aight, you close by or still down around alex's place?",0,0
Had your mobile 11 months or more? U R entitled to Update to the latest colour mobiles with camera for Free! Call The Mobile Update Co FREE on 08002986030,1,1
You do what all you like,0,0
Do you like shaking your booty on the dance floor?,0,0
"Don't worry though, I understand how important it is that I be put in my place with a poorly thought out punishment in the face of the worst thing that has ever happened to me. Brb gonna go kill myself",0,0
Anyway holla at me whenever you're around because I need an excuse to go creep on people in sarasota,0,0
This girl does not stay in bed. This girl doesn't need recovery time. Id rather pass out while having fun then be cooped up in bed,0,0
Hello my little party animal! I just thought I'd buzz you as you were with your friends ...*grins*... Reminding you were loved and send a naughty adoring kiss,0,0
Oops i thk i dun haf enuff... I go check then tell Ì_..,0,0
Horrible bf... I now v hungry...,0,0
Hi there. We have now moved in2 our pub . Would be great 2 c u if u cud come up.,0,0
"Sorry, I'll call later",0,0
No i am not having not any movies in my laptop,0,0
Wot about on wed nite I am 3 then but only til 9!,0,0
Sac will score big hundred.he is set batsman:-),0,0
"Motivate Behind every darkness, there is a shining light waiting for you to find it... Behind every best friend, there is always trust and love... BSLVYL",0,0
But i'm surprised she still can guess right lor...,0,0
Who's there say hi to our drugdealer,0,0
Oh oh... Wasted... Den muz chiong on sat n sun liao...,0,0
"Waqt se pehle or naseeb se zyada kisi ko kuch nahi milta,Zindgi wo nahi he jo hum sochte hai Zindgi wo hai jo ham jeetey hai..........",0,0
Lol I know! Hey someone did a great inpersonation of flea on the forums. I love it!,0,0
"U can WIN å£100 of Music Gift Vouchers every week starting NOW Txt the word DRAW to 87066 TsCs www.ldew.com SkillGame,1Winaweek, age16.150ppermessSubscription",1,1
I am not having her number sir,0,0
"Double Mins & 1000 txts on Orange tariffs. Latest Motorola, SonyEricsson & Nokia with Bluetooth FREE! Call MobileUpd8 on 08000839402 or call2optout/HF8",1,1
HOW ARE U? I HAVE MISSED U! I HAVENT BEEN UP 2 MUCH A BIT BORED WITH THE HOLIDAY WANT 2 GO BAK 2 COLLEGE! SAD ISNT IT?xx,0,0
"XXXMobileMovieClub: To use your credit, click the WAP link in the next txt message or click here>> http://wap. xxxmobilemovieclub.com?n=QJKGIGHJJGCBL",1,1
Can help u swoop by picking u up from wherever ur other birds r meeting if u want.,0,0
He fucking chickened out. He messaged me he would be late and woould buzz me and then I didn't hear a word from him,0,0
Okay same with me. Well thanks for the clarification,0,0
Lol ok ill try to send. Be warned Sprint is dead slow. You'll prolly get it tomorrow,0,0
It is a good thing I'm now getting the connection to bw,0,0
"No dude, its not fake..my frnds got money, thts y i'm reffering u..if u member wit my mail link, u vl be credited  &lt;#&gt; rs and il be getiing  &lt;#&gt; rs..i can draw my acc wen it is  &lt;#&gt; rs..",0,0
S but not able to sleep.,0,0
"Wat time liao, where still got.",0,0
They released vday shirts and when u put it on it makes your bottom half naked instead of those white underwear.,0,0
No:-)i got rumour that you going to buy apartment in chennai:-),0,0
Normally i use to drink more water daily:),0,0
Yup next stop.,0,0
K ill drink.pa then what doing. I need srs model pls send it to my mail id pa.,0,0
Kent vale lor... ÌÏ wait 4 me there ar?,0,0
YOU HAVE WON! As a valued Vodafone customer our computer has picked YOU to win a å£150 prize. To collect is easy. Just call 09061743386,1,1
Anything...,0,0
I thk 530 lor. But dunno can get tickets a not. Wat u doing now?,0,0
"How about clothes, jewelry, and trips?",0,0
Oic cos me n my sis got no lunch today my dad went out... So dunno whether 2 eat in sch or wat...,0,0
Just getting back home,0,0
Great escape. I fancy the bridge but needs her lager. See you tomo ,0,0
ÌÏ dun need to pick ur gf?,0,0
PRIVATE! Your 2003 Account Statement for 07815296484 shows 800 un-redeemed S.I.M. points. Call 08718738001 Identifier Code 41782 Expires 18/11/04 ,1,1
Well. Balls. Time to make calls,0,0
In sch but neva mind u eat 1st lor..,0,0
What happen dear tell me,0,0
Ok,0,0
Loans for any purpose even if you have Bad Credit! Tenants Welcome. Call NoWorriesLoans.com on 08717111821,1,0
"Oh ! A half hour is much longer in Syria than Canada, eh ? Wow you must get SO much more work done in a day than us with all that extra time ! *grins*",0,0
We tried to contact you re our offer of New Video Phone 750 anytime any network mins HALF PRICE Rental camcorder call 08000930705 or reply for delivery Wed,1,1
Dai i downloaded but there is only exe file which i can only run that exe after installing.,0,0
"Sorry, I'll call later",0,0
"Fun fact: although you would think armand would eventually build up a tolerance or some shit considering how much he smokes, he gets fucked up in like 2 hits",0,0
But i dint slept in afternoon.,0,0
I think if he rule tamilnadu..then its very tough for our people.,0,0
You are right though. I can't give you the space you want and need. This is really starting to become an issue. I was going to suggest setting a definite move out--if i'm still there-- after greece. But maybe you are ready and should do it now.,0,0
"You know, wot people wear. T shirts, jumpers, hat, belt, is all we know. We r at Cribbs",0,0
aathi..where are you dear..,0,0
Hey what are you doing. Y no reply pa..,0,0
Well its not like you actually called someone a punto. That woulda been worse.,0,0
"Alright, I'll head out in a few minutes, text me where to meet you",0,0
Send me the new number,0,0
Take us out shopping and Mark will distract Isaiah.=D,0,0
Urgent! Please call 09061213237 from a landline. å£5000 cash or a 4* holiday await collection. T &Cs SAE PO Box 177 M227XY. 16+,1,1
"Mmmmm ... I loved waking to your words this morning ! I miss you too, my Love. I hope your day goes well and you are happy. I wait for us to be together again",0,0
Just wanted to say holy shit you guys weren't kidding about this bud,0,0
Jus finish blowing my hair. U finish dinner already?,0,0
Tell your friends what you plan to do on Valentines day @ &lt;URL&gt;,0,0
I cant keep talking to people if am not sure i can pay them if they agree to price. So pls tell me what you want to really buy and how much you are willing to pay,0,0
Well then you have a great weekend!,0,0
NEFT Transaction with reference number  &lt;#&gt;  for Rs. &lt;DECIMAL&gt;  has been credited to the beneficiary account on  &lt;#&gt;  at  &lt;TIME&gt; : &lt;#&gt;,0,0
Aiyar dun disturb u liao... Thk u have lots 2 do aft ur cupboard come...,0,0
Why did I wake up on my own &gt;:(,0,0
"tddnewsletter@emc1.co.uk (More games from TheDailyDraw) Dear Helen, Dozens of Free Games - with great prizesWith..",1,0
"After my work ah... Den 6 plus lor... U workin oso rite... Den go orchard lor, no other place to go liao...",0,0
How come guoyang go n tell her? Then u told her?,0,0
18 days to Euro2004 kickoff! U will be kept informed of all the latest news and results daily. Unsubscribe send GET EURO STOP to 83222.,1,1
ringtoneking 84484,1,0
Ok. I.ll do you right later.,0,0
First answer my question.,0,0
"Yup, no need. I'll jus wait 4 e rain 2 stop.",0,0
Pls speak with me. I wont ask anything other then you friendship.,0,0
"Sorry, I'll call later",0,0
"True. It is passable. And if you get a high score and apply for phd, you get 5years of salary. So it makes life easier.",0,0
Aiyah e rain like quite big leh. If drizzling i can at least run home.,0,0
You should get more chicken broth if you want ramen unless there's some I don't know about,0,0
8007 FREE for 1st week! No1 Nokia tone 4 ur mob every week just txt NOKIA to 8007 Get txting and tell ur mates www.getzed.co.uk POBox 36504 W4 5WQ norm 150p/tone 16+,1,1
Hurt me... Tease me... Make me cry... But in the end of my life when i die plz keep one rose on my grave and say STUPID I MISS U.. HAVE A NICE DAY BSLVYL,0,0
And I don't plan on staying the night but I prolly won't be back til late,0,0
Now only i reached home. . . I am very tired now. . I will come tomorro,0,0
All day working day:)except saturday and sunday..,0,0
ÌÏ wait 4 me in sch i finish ard 5..,0,0
"Congrats 2 mobile 3G Videophones R yours. call 09063458130 now! videochat wid ur mates, play java games, Dload polypH music, noline rentl. bx420. ip4. 5we. 150p",1,1
"Thank you so much. When we skyped wit kz and sura, we didnt get the pleasure of your company. Hope you are good. We've given you ultimatum oh! We are countin down to aburo. Enjoy!",0,0
U have a secret admirer who is looking 2 make contact with U-find out who they R*reveal who thinks UR so special-call on 09058094594,1,0
Sending you greetings of joy and happiness. Do have a gr8 evening,0,0
For many things its an antibiotic and it can be used for chest abdomen and gynae infections even bone infections.,0,0
I am thinking of going down to reg for pract lessons.. Flung my advance.. Haha wat time u going?,0,0
Pls speak to that customer machan.,0,0
But you dint in touch with me.,0,0
Are you up for the challenge? I know i am :),0,0
Oh my God. I'm almost home,0,0
Good morning. At the repair shop--the ONLY reason i'm up at this hour.,0,0
"Hi frnd, which is best way to avoid missunderstding wit our beloved one's?",0,0
And how's your husband.,0,0
Dear are you angry i was busy dear,0,0
"Its so common hearin How r u? Wat r u doing? How was ur day? So let me ask u something different. Did u smile today? If not, do it now.... Gud evng.",0,0
Wat r u doing?,0,0
How come she can get it? Should b quite diff to guess rite...,0,0
"Wishing you and your family Merry \X\"" mas and HAPPY NEW Year in advance..""",0,0
Ok i vl..do u know i got adsense approved..,0,0
Siva is in hostel aha:-.,0,0
We still on for tonight?,0,0
Do you want a new Video handset? 750 any time any network mins? UNLIMITED TEXT? Camcorder? Reply or Call now 08000930705 for del Sat AM,1,1
Just curious because my cuz asked what I was up to,0,0
"Loan for any purpose å£500 - å£75,000. Homeowners + Tenants welcome. Have you been previously refused? We can still help. Call Free 0800 1956669 or text back 'help'",1,1
"Wen ur lovable bcums angry wid u, dnt take it seriously.. Coz being angry is d most childish n true way of showing deep affection, care n luv!.. kettoda manda... Have nice day da.",0,0
I'm good. Have you registered to vote?,0,0
Designation is software developer and may be she get chennai:),0,0
Din i tell u jus now 420,0,0
"Urgh, coach hot, smells of chip fat! Thanks again, especially for the duvet (not a predictive text word).",0,0
Tell dear what happen to you. Why you talking to me like an alian,0,0
Get me out of this dump heap. My mom decided to come to lowes. BORING.,0,0
MY NEW YEARS EVE WAS OK. I WENT TO A PARTY WITH MY BOYFRIEND. WHO IS THIS SI THEN HEY,0,0
You have an important customer service announcement from PREMIER.,1,1
It's ok i noe u're busy but i'm really too bored so i msg u. I oso dunno wat colour she choose 4 me one.,0,0
What's a feathery bowa? Is that something guys have that I don't know about?,0,0
RT-KIng Pro Video Club>> Need help? info@ringtoneking.co.uk or call 08701237397 You must be 16+ Club credits redeemable at www.ringtoneking.co.uk! Enjoy!,1,1
K da:)how many page you want?,0,0
So how's scotland. Hope you are not over showing your JJC tendencies. Take care. Live the dream,0,0
You have WON a guaranteed å£1000 cash or a å£2000 prize.To claim yr prize call our customer service representative on,1,1
All done? All handed in? Celebrations in full swing yet?,0,0
I only haf msn. It's yijue@hotmail.com,0,0
Dude just saw a parked car with its sunroof popped up. Sux,0,0
"Helloooo... Wake up..! \Sweet\"" \""morning\"" \""welcomes\"" \""You\"" \""Enjoy\"" \""This Day\"" \""with full of joy\"".. \""GUD MRNG\"".""",0,0
Cuz ibored. And don wanna study,0,0
Hey! There's veggie pizza... :/,0,0
"Can you please ask macho what his price range is, does he want something new or used plus it he only interfued in the blackberry bold  &lt;#&gt;  or any bb",0,0
\Hey j! r u feeling any better,0,0
Ok then no need to tell me anything i am going to sleep good night,0,0
"Do you know why god created gap between your fingers..? So that, One who is made for you comes &amp; fills those gaps by holding your hand with LOVE..!",0,0
Let me know how it changes in the next 6hrs. It can even be appendix but you are out of that age range. However its not impossible. So just chill and let me know in 6hrs,0,0
Is avatar supposed to have subtoitles,0,0
How much is torch in 9ja.,0,0
Ok . . now i am in bus. . If i come soon i will come otherwise tomorrow,0,0
7 lor... Change 2 suntec... Wat time u coming?,0,0
Message from . I am at Truro Hospital on ext. You can phone me here. as I have a phone by my side,0,0
Congratulations ur awarded either a yrs supply of CDs from Virgin Records or a Mystery Gift GUARANTEED Call 09061104283 Ts&Cs www.smsco.net å£1.50pm approx 3mins,1,0
U are subscribed to the best Mobile Content Service in the UK for å£3 per 10 days until you send STOP to 82324. Helpline 08706091795,1,1
"Urgent! call 09066612661 from landline. Your complementary 4* Tenerife Holiday or å£10,000 cash await collection SAE T&Cs PO Box 3 WA14 2PX 150ppm 18+ Sender: Hol Offer",1,1
There are no other charges after transfer charges and you can withdraw anyhow you like,0,0
here is my new address -apples&pairs&all that malarky,0,0
No problem. How are you doing?,0,0
I'm vivek:)i got call from your number.,0,0
Aight ill get on fb in a couple minutes,0,0
"K, wait chikku..il send aftr  &lt;#&gt; mins",0,0
Sunshine Quiz Wkly Q! Win a top Sony DVD player if u know which country Liverpool played in mid week? Txt ansr to 82277. å£1.50 SP:Tyrone,1,1
ALSO TELL HIM I SAID HAPPY BIRTHDAY,0,0
"I'm in a meeting, call me later at",0,0
Any chance you might have had with me evaporated as soon as you violated my privacy by stealing my phone number from your employer's paperwork. Not cool at all. Please do not contact me again or I will report you to your supervisor.,0,0
Hope you are having a good week. Just checking in,0,0
"Derp. Which is worse, a dude who always wants to party or a dude who files a complaint about the three drug abusers he lives with",0,0
"Well, I was about to give up cos they all said no they didn‰Û÷t do one nighters. I persevered and found one but it is very cheap so i apologise in advance. It is just somewhere to sleep isnt it?",0,0
Hows the champ just leaving glasgow!,0,0
That's necessarily respectful,0,0
Dude how do you like the buff wind.,0,0
Yeah that's the impression I got,0,0
I think steyn surely get one wicket:),0,0
Havent mus ask if u can 1st wat. Of meet 4 lunch den u n him meet can already lor. Or u wan 2 go ask da ge 1st then confirm w me asap?,0,0
When you are big..| God will bring success.,0,0
And of course you should make a stink!,0,0
Total video converter free download type this in google search:),0,0
Me too. Mark is taking forever to pick up my prescription and the pain is coming back.,0,0
Hey! Congrats 2u2. id luv 2 but ive had 2 go home!,0,0
"I've not called you in a while. This is hoping it was l8r malaria and that you know that we miss you guys. I miss Bani big, so pls give her my love especially. Have a great day.",0,0
We confirm eating at esplanade?,0,0
My phone,0,0
Tone Club: Your subs has now expired 2 re-sub reply MONOC 4 monos or POLYC 4 polys 1 weekly @ 150p per week Txt STOP 2 stop This msg free Stream 0871212025016,1,1
Tomarrow final hearing on my laptop case so i cant.,0,0
Can a not?,0,0
How have your little darlings been so far this week? Need a coffee run tomo?Can't believe it's that time of week already ‰Û_,0,0
Cab is available.they pick up and drop at door steps.,0,0
Do we have any spare power supplies,0,0
Water logging in desert. Geoenvironmental implications.,0,0
I want to be inside you every night...,0,0
Argh why the fuck is nobody in town ;_;,0,0
Hope you are feeling great. Pls fill me in. Abiola,0,0
He didn't see his shadow. We get an early spring yay,0,0
Oh really?? Did you make it on air? What's your talent?,0,0
Also track down any lighters you can find,0,0
K...k:)why cant you come here and search job:),0,0
"Hey Boys. Want hot XXX pics sent direct 2 ur phone? Txt PORN to 69855, 24Hrs free and then just 50p per day. To stop text STOPBCM SF WC1N3XX",1,1
Have you not finished work yet or something?,0,0
Hope you are having a great day.,0,0
Now that you have started dont stop. Just pray for more good ideas and anything i see that can help you guys i.ll forward you a link.,0,0
No. Did you multimedia message them or e-mail?,0,0
Lol yes. But it will add some spice to your day.,0,0
ÌÏ eatin later but i'm eatin wif my frens now lei... ÌÏ going home first? ,0,0
There generally isn't one. It's an uncountable noun - u in the dictionary. pieces of research?,0,0
Shuhui say change 2 suntec steamboat? U noe where? Where r u now?,0,0
Guess who spent all last night phasing in and out of the fourth dimension,0,0
"Also north carolina and texas atm, you would just go to the gre site and pay for the test results to be sent.",0,0
"Thk shld b can... Ya, i wana go 4 lessons... Haha, can go for one whole stretch...",0,0
You please give us connection today itself before  &lt;DECIMAL&gt;  or refund the bill,0,0
Okay but i thought you were the expert,0,0
Just taste fish curry :-P,0,0
Then u ask darren go n pick u lor... But i oso sian tmr haf 2 meet lect...,0,0
It didnt work again oh. Ok goodnight then. I.ll fix and have it ready by the time you wake up. You are very dearly missed have a good night sleep.,0,0
"I shall book chez jules for half eight, if that's ok with you?",0,0
Will do. Was exhausted on train this morning. Too much wine and pie. You sleep well too,0,0
Cos i was out shopping wif darren jus now n i called him 2 ask wat present he wan lor. Then he started guessing who i was wif n he finally guessed darren lor.,0,0
"I'll get there at 3, unless you guys want me to come some time sooner",0,0
Pls tell nelson that the bb's are no longer comin. The money i was expecting aint coming,0,0
Omg if its not one thing its another. My cat has worms :/ when does this bad day end?,0,0
Reply to win å£100 weekly! What professional sport does Tiger Woods play? Send STOP to 87239 to end service,1,1
"Yo, the game almost over? Want to go to walmart soon",0,0
08714712388 between 10am-7pm Cost 10p,1,0
I don't think he has spatula hands!,0,0
Ok i will tell her to stay out. Yeah its been tough but we are optimistic things will improve this month.,0,0
I'm at home. Please call,0,0
Wife.how she knew the time of murder exactly,0,0
The fact that you're cleaning shows you know why i'm upset. Your priority is constantly \what i want to do,0,0
As per your request 'Melle Melle (Oru Minnaminunginte Nurungu Vettam)' has been set as your callertune for all Callers. Press *9 to copy your friends Callertune,0,0
Oh yah... We never cancel leh... Haha ,0,0
have got * few things to do. may be in * pub later.,0,0
Boo what time u get out? U were supposed to take me shopping today. :(,0,0
Please sen :)my kind advice :-)please come here and try:-),0,0
I know you are serving. I mean what are you doing now.,0,0
How would my ip address test that considering my computer isn't a minecraft server,0,0
He remains a bro amongst bros,0,0
Ahhh. Work. I vaguely remember that! What does it feel like? Lol,0,0
How u doin baby girl ?? hope u are okay every time I call ure phone is off! I miss u get in touch,0,0
"My friend, she's studying at warwick, we've planned to go shopping and to concert tmw, but it may be canceled, havn't seen  for ages, yeah we should get together sometime!",0,0
Got smaller capacity one? Quite ex...,0,0
"No, I decided that only people who care about stuff vote and caring about stuff is for losers",0,0
U 447801259231 have a secret admirer who is looking 2 make contact with U-find out who they R*reveal who thinks UR so special-call on 09058094597,1,0
Did u fix the teeth?if not do it asap.ok take care.,0,0
Am surfing online store. For offers do you want to buy any thing.,0,0
"sry can't talk on phone, with parents",0,0
"My Parents, My Kidz, My Friends n My Colleagues. All screaming.. SURPRISE !! and I was waiting on the sofa.. ... ..... ' NAKED...!",0,0
"Velly good, yes please!",0,0
God's love has no limit. God's grace has no measure. God's power has no boundaries. May u have God's endless blessings always in ur life...!! Gud ni8,0,0
Hi. Customer Loyalty Offer:The NEW Nokia6650 Mobile from ONLY å£10 at TXTAUCTION! Txt word: START to No: 81151 & get yours Now! 4T&Ctxt TC 150p/MTmsg,1,1
Have you bookedthe hut? And also your time off? How are you by the way?,0,0
I'm working technical support :)voice process.,0,0
Ya but it cant display internal subs so i gotta extract them,0,0
WINNER! As a valued network customer you hvae been selected to receive a å£900 reward! To collect call 09061701444. Valid 24 hours only. ACL03530150PM,1,1
"Auction round 4. The highest bid is now å£54. Next maximum bid is å£71. To bid, send BIDS e. g. 10 (to bid å£10) to 83383. Good luck.",1,0
great princess! I love giving and receiving oral. Doggy style is my fave position. How about you? I enjoy making love  &lt;#&gt;  times per night :),0,0
Can U get 2 phone NOW? I wanna chat 2 set up meet Call me NOW on 09096102316 U can cum here 2moro Luv JANE xx Callså£1/minmoremobsEMSPOBox45PO139WA,1,0
"Great. I'm in church now, will holla when i get out",0,0
"K so am I, how much for an 8th? Fifty?",0,0
"Found it, ENC  &lt;#&gt; , where you at?",0,0
Anytime lor...,0,0
Tmrw. Im finishing 9 doors,0,0
Haiyoh... Maybe your hamster was jealous of million,0,0
Gud ni8 dear..slp well..take care..swt dreams..Muah..,0,0
"Guy, no flash me now. If you go call me, call me. How madam. Take care oh.",0,0
We left already we at orchard now.,0,0
Whatsup there. Dont u want to sleep,0,0
So what do you guys do.,0,0
Yes watching footie but worried we're going to blow it - Phil Neville?,0,0
This is my number by vivek..,0,0
No b4 Thursday,0,0
"I av a new number,  . Wil u only use this one,ta.",0,0
I'm e person who's doing e sms survey...,0,0
You are a winner U have been specially selected 2 receive å£1000 cash or a 4* holiday (flights inc) speak to a live operator 2 claim 0871277810810,1,1
"House-Maid is the murderer, coz the man was murdered on  &lt;#&gt; th January.. As public holiday all govt.instituitions are closed,including post office..understand?",0,0
Den wat will e schedule b lk on sun?,0,0
She.s fine. I have had difficulties with her phone. It works with mine. Can you pls send her another friend request.,0,0
"Babe, I'm answering you, can't you see me ? Maybe you'd better reboot YM ... I got the photo ... It's great !",0,0
R u in this continent?,0,0
The world's most happiest frnds never have the same characters... Dey just have the best understanding of their differences...,0,0
Ok can...,0,0
Hey morning what you come to ask:-) pa...,0,0
"Sorry, I can't text &amp; drive coherently, see you in twenty",0,0
Hello! How r u? Im bored. Inever thought id get bored with the tv but I am. Tell me something exciting has happened there? Anything! =/,0,0
"Our dating service has been asked 2 contact U by someone shy! CALL 09058091870 NOW all will be revealed. POBox84, M26 3UZ 150p",1,1
Nothing but we jus tot u would ask cos u ba gua... But we went mt faber yest... Yest jus went out already mah so today not going out... Jus call lor...,0,0
Nt yet chikku..simple habba..hw abt u?,0,0
"URGENT! Your Mobile No was awarded a å£2,000 Bonus Caller Prize on 1/08/03! This is our 2nd attempt to contact YOU! Call 0871-4719-523 BOX95QU BT National Rate",1,1
"Wn u r hurt by d prsn who s close 2 u, do fight wit dem. Coz somtimes dis fight saves a relation bt being quiet leaves nothin in a relation.. Gud eveB-)",0,0
Are you this much buzy,0,0
I will spoil you in bed as well :),0,0
I re-met alex nichols from middle school and it turns out he's dealing!,0,0
"Can meh? Thgt some will clash... Really ah, i dun mind... I dun seen to have lost any weight... Gee...",0,0
Ard 515 like dat. Y?,0,0
Dont hesitate. You know this is the second time she has had weakness like that. So keep i notebook of what she eat and did the day before or if anything changed the day before so that we can be sure its nothing,0,0
U have a Secret Admirer who is looking 2 make contact with U-find out who they R*reveal who thinks UR so special-call on 09065171142-stopsms-08,1,0
"Edison has rightly said, \A fool can ask more questions than a wise man can answer\"" Now you know why all of us are speechless during ViVa.. GM",0,0
How many licks does it take to get to the center of a tootsie pop?,0,0
"Hello, my love. What are you doing? Did you get to that interview today? Are you you happy? Are you being a good boy? Do you think of me?Are you missing me ?",0,0
"As a valued customer, I am pleased to advise you that following recent review of your Mob No. you are awarded with a å£1500 Bonus Prize, call 09066364589",1,1
How's it going? Got any exciting karaoke type activities planned? I'm debating whether to play football this eve. Feeling lazy though.,0,0
Too late. I said i have the website. I didn't i have or dont have the slippers,0,0
Yetunde i'm in class can you not run water on it to make it ok. Pls now.,0,0
Here is your discount code RP176781. To stop further messages reply stop. www.regalportfolio.co.uk. Customer Services 08717205546,1,1
Nothing just getting msgs by dis name wit different no's..,0,0
Stupid.its not possible,0,0
aathi..where are you dear..,0,0
Email AlertFrom: Jeri StewartSize: 2KBSubject: Low-cost prescripiton drvgsTo listen to email call 123,1,0
"It's wylie, you in tampa or sarasota?",0,0
"Tunji, how's the queen? how are you doing. This is just wishing you a great day. Abiola.",0,0
Otherwise had part time job na-tuition..,0,0
"Do you know why god created gap between your fingers..? So that, One who is made for you comes &amp; fills those gaps by holding your hand with LOVE..!",0,0
Dnt worry...use ice pieces in a cloth pack.also take 2 tablets.,0,0
No chikku nt yet.. Ya i'm free,0,0
I'm going out to buy mum's present ar.,0,0
Have a nice day my dear.,0,0
PRIVATE! Your 2003 Account Statement for shows 800 un-redeemed S.I.M. points. Call 08715203685 Identifier Code:4xx26 Expires 13/10/04,1,1
Pls clarify back if an open return ticket that i have can be preponed for me to go back to kerala.,0,0
What you did in  leave.,0,0
ÌÏ log off 4 wat. It's sdryb8i,0,0
Not tonight mate. Catching up on some sleep. This is my new number by the way. ,0,0
* Will be september by then!,0,0
"Call 09094100151 to use ur mins! Calls cast 10p/min (mob vary). Service provided by AOM, just GBP5/month. AOM Box61,M60 1ER until u stop. Ages 18+ only!",1,1
Long beach lor. Expected... U having dinner now?,0,0
"WELL DONE! Your 4* Costa Del Sol Holiday or å£5000 await collection. Call 09050090044 Now toClaim. SAE, TCs, POBox334, Stockport, SK38xh, Costå£1.50/pm, Max10mins",1,1
Yup i thk cine is better cos no need 2 go down 2 plaza mah.,0,0
"Good afternoon, my boytoy ... How are you feeling today ? Better I hope? Are you being my good boy? Are you my obedient, slave? Do you please your Queen?",0,0
You're not sure that I'm not trying to make xavier smoke because I don't want to smoke after being told I smoke too much?,0,0
I sent them. Do you like?,0,0
Lol or I could just starve and lose a pound by the end of the day.,0,0
I wont get concentration dear you know you are my mind and everything :-),0,0
"\HEY DAS COOL... IKNOW ALL 2 WELLDA PERIL OF STUDENTFINANCIAL CRISIS!SPK 2 U L8R.\""""",0,0
Oh did you charge camera,0,0
Short But Cute: \Be a good person,0,0
S:)s.nervous  &lt;#&gt; :),0,0
"Frnd s not juz a word.....not merely a relationship.....its a silent promise which says ... \ I will be with YOU \"" Wherevr.. Whenevr.. Forevr... Gudnyt dear..""",0,0
What's happening with you. Have you gotten a job and have you begun registration for permanent residency,0,0
"URGENT!! Your 4* Costa Del Sol Holiday or å£5000 await collection. Call 09050090044 Now toClaim. SAE, TC s, POBox334, Stockport, SK38xh, Costå£1.50/pm, Max10mins",1,1
"Fuck babe, I miss you sooooo much !! I wish you were here to sleep with me ... My bed is so lonely ... I go now, to sleep ... To dream of you, my love ...",0,0
Oh. U must have taken your REAL Valentine out shopping first.,0,0
"I'm tired of arguing with you about this week after week. Do what you want and from now on, i'll do the same.",0,0
Tmr then Ì_ brin lar... Aiya later i come n c lar... Mayb Ì_ neva set properly Ì_ got da help sheet wif Ì_...,0,0
It just seems like weird timing that the night that all you and g want is for me to come smoke is the same day as when a shitstorm is attributed to me always coming over and making everyone smoke,0,0
Thanks for yesterday sir. You have been wonderful. Hope you enjoyed the burial. MojiBiola,0,0
Jesus armand really is trying to tell everybody he can find,0,0
"Haha good to hear, I'm officially paid and on the market for an 8th",0,0
No one interested. May be some business plan.,0,0
I am going to film 2day da. At 6pm. Sorry da.,0,0
Cheers for the card ... Is it that time of year already?,0,0
"I know dat feelin had it with Pete! Wuld get with em , nuther place nuther time mayb?",0,0
Come by our room at some point so we can iron out the plan for this weekend,0,0
"Congrats! 1 year special cinema pass for 2 is yours. call 09061209465 now! C Suprman V, Matrix3, StarWars3, etc all 4 FREE! bx420-ip4-5we. 150pm. Dont miss out!",1,0
Did you see that film:),0,0
alright tyler's got a minor crisis and has to be home sooner than he thought so be here asap,0,0
Have you seen who's back at Holby?!,0,0
Not..tel software name..,0,0
"How long has it been since you screamed, princess?",0,0
"K, can that happen tonight?",0,0
Yeah whatever lol,0,0
"U can WIN å£100 of Music Gift Vouchers every week starting NOW Txt the word DRAW to 87066 TsCs www.Idew.com SkillGame, 1Winaweek, age16. 150ppermessSubscription",1,1
Can... I'm free...,0,1
"Fighting with the world is easy, u either win or lose bt fightng with some1 who is close to u is dificult if u lose - u lose if u win - u still lose.",0,0
Where is it. Is there any opening for mca.,0,0
Do you want a New Nokia 3510i Colour Phone Delivered Tomorrow? With 200 FREE minutes to any mobile + 100 FREE text + FREE camcorder Reply or Call 08000930705,1,1
Ok. She'll be ok. I guess,0,0
Will do. Have a good day,0,0
"V-aluable. A-ffectionate. L-oveable. E-ternal. N-oble. T-ruthful. I-ntimate. N-atural. E-namous. Happy \VALENTINES DAY\"" in advance""",0,0
This pen thing is beyond a joke. Wont a Biro do? Don't do a masters as can't do this ever again! ,0,0
I dont thnk its a wrong calling between us,0,0
Take something for pain. If it moves however to any side in the next 6hrs see a doctor.,0,0
Dunno cos i was v late n when i reach they inside already... But we ate spageddies lor... It's e gals who r laughing at me lor...,0,0
How dare you stupid. I wont tell anything to you. Hear after i wont talk to you:-.,0,0
"Wen ur lovable bcums angry wid u, dnt take it seriously.. Coz being angry is d most childish n true way of showing deep affection, care n luv!.. kettoda manda... Have nice day da.",0,0
I think that tantrum's finished so yeah I'll be by at some point,0,0
"Sorry, I'll call later",0,0
Have you heard from this week?,0,0
"Sorry, went to bed early, nightnight",0,0
Hey company elama po mudyadhu.,0,0
"I'll see if I can swing by in a bit, got some things to take care of here firsg",0,0
Oops my phone died and I didn't even know. Yeah I like it better.,0,0
Do you want bold 2 or bb torch,0,0
"Hello darling how are you today? I would love to have a chat, why dont you tell me what you look like and what you are in to sexy?",1,0
TaKe CaRE n gET WeLL sOOn,0,0
But I'm on a diet. And I ate 1 too many slices of pizza yesterday. Ugh I'm ALWAYS on a diet.,0,0
"Nah it's straight, if you can just bring bud or drinks or something that's actually a little more useful than straight cash",0,0
"you are sweet as well, princess. Please tell me your likes and dislikes in bed...",0,0
Where to get those?,0,0
Camera - You are awarded a SiPix Digital Camera! call 09061221066 fromm landline. Delivery within 28 days,1,1
Oops. 4 got that bit.,0,0
"Same, I'm at my great aunts anniversary party in tarpon springs",0,0
"Fantasy Football is back on your TV. Go to Sky Gamestar on Sky Active and play å£250k Dream Team. Scoring starts on Saturday, so register now!SKY OPT OUT to 88088",1,0
Dare i ask... Any luck with sorting out the car?,0,0
"God picked up a flower and dippeditinaDEW, lovingly touched itwhichturnedinto u, and the he gifted tomeandsaid,THIS FRIEND IS 4U",0,0
"Your account has been credited with 500 FREE Text Messages. To activate, just txt the word: CREDIT to No: 80488 T&Cs www.80488.biz",1,1
O. Well uv causes mutations. Sunscreen is like essential thesedays,0,0
Ryder unsold.now gibbs.,0,0
Just wait till end of march when el nino gets himself. Oh.,0,0
Oh k. . I will come tomorrow,0,0
PRIVATE! Your 2003 Account Statement for shows 800 un-redeemed S.I.M. points. Call 08718738001 Identifier Code: 49557 Expires 26/11/04,1,1
"No, but you told me you were going, before you got drunk!",0,0
Its a valentine game. . . Send dis msg to all ur friends. .. If 5 answers r d same then someone really loves u. Ques- which colour suits me the best?rply me,0,0
"I can't, I don't have her number!",0,0
"Oh... I was thkin of goin yogasana at 10 den no nd to go at 3 den can rush to parco 4 nb... Okie lor, u call me when ready...",0,0
No. On the way home. So if not for the long dry spell the season would have been over,0,0
I.ll give her once i have it. Plus she said grinule greet you whenever we speak,0,0
"I don't think I can get away for a trek that long with family in town, sorry",0,0
Yes we are chatting too.,0,0
Also where's the piece,0,0
Tell them the drug dealer's getting impatient,0,0
Yes:)here tv is always available in work place..,0,0
 &lt;#&gt;  mins but i had to stop somewhere first.,0,0
No it's waiting in e car dat's bored wat. Cos wait outside got nothing 2 do. At home can do my stuff or watch tv wat.,0,0
Our ride equally uneventful - not too many of those pesky cyclists around at that time of night ;).,0,0
Eatin my lunch...,0,0
"Thanks for your ringtone order, reference number X49.Your mobile will be charged 4.50. Should your tone not arrive please call customer services 09065989182",1,1
1's reach home call me.,0,0
You've already got a flaky parent. It'snot supposed to be the child's job to support the parent...not until they're The Ride age anyway. I'm supposed to be there to support you. And now i've hurt you. unintentional. But hurt nonetheless.,0,0
"LookAtMe!: Thanks for your purchase of a video clip from LookAtMe!, you've been charged 35p. Think you can do better? Why not send a video in a MMSto 32323.",1,0
"Aight, I'll hit you up when I get some cash",0,0
Don no da:)whats you plan?,0,0
Going to take your babe out ?,0,0
No need lar. Jus testing e phone card. Dunno network not gd i thk. Me waiting 4 my sis 2 finish bathing so i can bathe. Dun disturb u liao u cleaning ur room.,0,0
"Probably, want to pick up more?",0,0
"Last Chance! Claim ur å£150 worth of discount vouchers today! Text SHOP to 85023 now! SavaMob, offers mobile! T Cs SavaMob POBOX84, M263UZ. å£3.00 Sub. 16",1,1
K sure am in my relatives home. Sms me de. Pls:-),0,0
"The LAY MAN! Just to let you know you are missed and thought off. Do have a great day. And if you can send me bimbo and ugo's numbers, ill appreciate. Safe",0,0
"When you get free, call me",0,1
"Good afternoon, my love ! Any job prospects ? Are you missing me ? What do you do ? Are you being lazy and bleak, hmmm ? Or happy and filled with my love ?",0,0
"Do 1 thing! Change that sentence into: \Because i want 2 concentrate in my educational career im leaving here..\""""",0,0
HMM yeah if your not too grooved out! And im looking forward to my pound special :),0,0
I thk 50 shd be ok he said plus minus 10.. Did Ì_ leave a line in between paragraphs?,0,0
Ladies first and genus second k .,0,0
Alright i have a new goal now,0,0
Ok no prob... I'll come after lunch then...,0,0
I want to sent  &lt;#&gt; mesages today. Thats y. Sorry if i hurts,0,0
Not directly behind... Abt 4 rows behind Ì_...,0,0
"K, can I pick up another 8th when you're done?",0,0
"A Boy loved a gal. He propsd bt she didnt mind. He gv lv lttrs, Bt her frnds threw thm. Again d boy decided 2 aproach d gal , dt time a truck was speeding towards d gal. Wn it was about 2 hit d girl,d boy ran like hell n saved her. She asked 'hw cn u run so fast?' D boy replied \Boost is d secret of my energy\"" n instantly d girl shouted \""our energy\"" n Thy lived happily 2gthr drinking boost evrydy Moral of d story:- I hv free msgs:D;): gud ni8""",0,0
Hi! You just spoke to MANEESHA V. We'd like to know if you were satisfied with the experience. Reply Toll Free with Yes or No.,0,0
PRIVATE! Your 2004 Account Statement for 078498****7 shows 786 unredeemed Bonus Points. To claim call 08719180219 Identifier Code: 45239 Expires 06.05.05,1,1
Are you planning to come chennai?,0,0
Huh y lei...,0,0
"K, fyi I'm back in my parents' place in south tampa so I might need to do the deal somewhere else",0,0
"449050000301 You have won a å£2,000 price! To claim, call 09050000301.",1,1
Id have to check but there's only like 1 bowls worth left,0,0
Lovely smell on this bus and it ain't tobacco... ,0,0
URGENT! Your Mobile number has been awarded a <UKP>2000 prize GUARANTEED. Call 09061790125 from landline. Claim 3030. Valid 12hrs only 150ppm,1,1
Some of them told accenture is not confirm. Is it true.,0,0
"The world is running and i am still.maybe all are feeling the same,so be it.or i have to admit,i am mad.then where is the correction?or let me call this is life.and keep running with the world,may be u r also running.lets run.",0,0
Ok enjoy . R u there in home.,0,0
Why don't you go tell your friend you're not sure you want to live with him because he smokes too much then spend hours begging him to come smoke,0,0
Yeah confirmed for you staying at  that weekend,0,0
I am late. I will be there at,0,0
"Nothing. I meant that once the money enters your account here, the bank will remove its flat rate. Someone transfered  &lt;#&gt;  to my account and  &lt;#&gt; dollars got removed. So the banks differ and charges also differ.be sure you trust the 9ja person you are sending account details to cos...",0,0
Depends on individual lor e hair dresser say pretty but my parents say look gong. U kaypoh.. I also dunno wat she collecting.,0,0
Great. P diddy is my neighbor and comes for toothpaste every morning,0,0
**FREE MESSAGE**Thanks for using the Auction Subscription Service. 18 . 150p/MSGRCVD 2 Skip an Auction txt OUT. 2 Unsubscribe txt STOP CustomerCare 08718726270,1,1
Ok darlin i supose it was ok i just worry too much.i have to do some film stuff my mate and then have to babysit again! But you can call me there.xx,0,0
Want 2 get laid tonight? Want real Dogging locations sent direct 2 ur Mob? Join the UK's largest Dogging Network by txting MOAN to 69888Nyt. ec2a. 31p.msg@150p,1,1
"Please protect yourself from e-threats. SIB never asks for sensitive information like Passwords,ATM/SMS PIN thru email. Never share your password with anybody.",0,0
"The last thing i ever wanted to do was hurt you. And i didn't think it would have. You'd laugh, be embarassed, delete the tag and keep going. But as far as i knew, it wasn't even up. The fact that you even felt like i would do it to hurt you shows you really don't know me at all. It was messy wednesday, but it wasn't bad. The problem i have with it is you HAVE the time to clean it, but you choose not to. You skype, you take pictures, you sleep, you want to go out. I don't mind a few things here and there, but when you don't make the bed, when you throw laundry on top of it, when i can't have a friend in the house because i'm embarassed that there's underwear and bras strewn on the bed, pillows on the floor, that's something else. You used to be good about at least making the bed.",0,0
Me sef dey laugh you. Meanwhile how's my darling anjie!,0,0
He also knows about lunch menu only da. . I know,0,0
Hope this text meets you smiling. If not then let this text give you a reason to smile. Have a beautiful day.,0,0
"awesome, how do I deal with the gate? Charles told me last night but, uh, yeah",0,0
HMV BONUS SPECIAL 500 pounds of genuine HMV vouchers to be won. Just answer 4 easy questions. Play Now! Send HMV to 86688 More info:www.100percent-real.com,1,1
Taka lor. Wat time u wan 2 come n look 4 us?,0,0
Cool. So how come you havent been wined and dined before?,0,0
Please call Amanda with regard to renewing or upgrading your current T-Mobile handset free of charge. Offer ends today. Tel 0845 021 3680 subject to T's and C's,1,0
Is there a reason we've not spoken this year? Anyways have a great week and all the best in your exam,0,0
Lul im gettin some juicy gossip at the hospital. Two nurses are talking about how fat they are gettin. And one thinks shes obese. Oyea.,0,0
Oh... Lk tt den we take e one tt ends at cine lor... Dun wan yogasana oso can... ,0,0
Good Morning plz call me sir,0,0
ÌÏ all write or wat..,0,0
"Hi. Hope ur day * good! Back from walk, table booked for half eight. Let me know when ur coming over.",0,0
"FREE MESSAGE Activate your 500 FREE Text Messages by replying to this message with the word FREE For terms & conditions, visit www.07781482378.com",1,1
Yes. They replied my mail. I'm going to the management office later. Plus will in to bank later also.or on wednesday.,0,0
Ok..,0,0
"Mila, age23, blonde, new in UK. I look sex with UK guys. if u like fun with me. Text MTALK to 69866.18 . 30pp/txt 1st 5free. å£1.50 increments. Help08718728876",1,1
I didn't get the second half of that message,0,0
I've reached sch already...,0,0
"I'm back, lemme know when you're ready",0,0
No messages on her phone. I'm holding it now,0,0
Sorry . I will be able to get to you. See you in the morning.,0,0
All will come alive.better correct any good looking figure there itself..,0,0
This message is free. Welcome to the new & improved Sex & Dogging club! To unsubscribe from this service reply STOP. msgs@150p 18+only,1,1
You said not now. No problem. When you can. Let me know.,0,0
As usual u can call me ard 10 smth.,0,0
In other news after hassling me to get him weed for a week andres has no money. HAUGHAIGHGTUJHYGUJ,0,0
Good Morning my Dear Shijutta........... Have a great &amp; successful day.,0,0
Its a great day. Do have yourself a beautiful one.,0,0
Yes.he have good crickiting mind,0,0
‰Û_ and don‰Û÷t worry we‰Û÷ll have finished by march ‰Û_ ish!,0,0
Your opinion about me? 1. Over 2. Jada 3. Kusruthi 4. Lovable 5. Silent 6. Spl character 7. Not matured 8. Stylish 9. Simple Pls reply..,0,0
You only hate me. You can call any but you didnt accept even a single call of mine. Or even you messaged,0,0
"Twinks, bears, scallies, skins and jocks are calling now. Don't miss the weekend's fun. Call 08712466669 at 10p/min. 2 stop texts call 08712460324(nat rate)",1,0
Good night my dear.. Sleepwell&amp;Take care,0,0
As a registered optin subscriber ur draw 4 å£100 gift voucher will be entered on receipt of a correct ans to 80062 Whats No1 in the BBC charts,1,0
Hi. Happy New Year. I dont mean to intrude but can you pls let me know how much tuition you paid last semester and how much this semester is. Thanks,0,0
Warner Village 83118 C Colin Farrell in SWAT this wkend @Warner Village & get 1 free med. Popcorn!Just show msg+ticket@kiosk.Valid 4-7/12. C t&c @kiosk. Reply SONY 4 mre film offers,1,0
Lil fever:) now fine:),0,0
Yes we were outside for like 2 hours. And I called my whole family to wake them up cause it started at 1 am,0,0
Are we doing the norm tomorrow? I finish just a 4.15 cos of st tests. Need to sort library stuff out at some point tomo - got letter from today - access til end march so i better get move on!,0,0
645,0,0
"Okay, good, no problem, and thanx!",0,0
Nobody can decide where to eat and dad wants Chinese,0,0
Gam gone after outstanding innings.,0,0
Hey... are you going to quit soon? Xuhui and i working till end of the month ,0,0
I might go 2 sch. Yar at e salon now v boring.,0,0
I dont have that much image in class.,0,0
UR awarded a City Break and could WIN a å£200 Summer Shopping spree every WK. Txt STORE to 88039 . SkilGme. TsCs087147403231Winawk!Age16 å£1.50perWKsub,1,1
thesmszone.com lets you send free anonymous and masked messages..im sending this message from there..do you see the potential for abuse???,1,0
Love you aathi..love u lot..,0,0
Where's mummy's boy ? Is he being good or bad ? Is he being positive or negative ? Why is mummy being made to wait? Hmmmm?,0,0
Your 2004 account for 07XXXXXXXXX shows 786 unredeemed points. To claim call 08719181259 Identifier code: XXXXX Expires 26.03.05,1,1
"Life is more strict than teacher... Bcoz Teacher teaches lesson &amp; then conducts exam, But Life first conducts Exam &amp; then teaches Lessons. Happy morning. . .",0,0
Don know..he is watching film in computer..,0,0
"This is the 2nd time we have tried 2 contact u. U have won the 750 Pound prize. 2 claim is easy, call 08712101358 NOW! Only 10p per min. BT-national-rate",1,1
If i not meeting Ì_ all rite then i'll go home lor. If Ì_ dun feel like comin it's ok.,0,0
Give one miss from that number please,0,0
"Sorry to trouble u again. Can buy 4d for my dad again? 1405, 1680, 1843. All 2 big 1 small, sat n sun. Thanx.",0,0
Eh u remember how 2 spell his name... Yes i did. He v naughty make until i v wet.,0,0
Gr8 new service - live sex video chat on your mob - see the sexiest dirtiest girls live on ur phone - 4 details text horny to 89070 to cancel send STOP to 89070,1,1
Dont think you need yellow card for uk travel. Ask someone that has gone before. If you do its just  &lt;#&gt; bucks,0,0
RGENT! This is the 2nd attempt to contact U!U have WON å£1250 CALL 09071512433 b4 050703 T&CsBCM4235WC1N3XX. callcost 150ppm mobilesvary. maxå£7. 50,1,1
"Sorry, I'll call later",0,0
Height of Confidence: All the Aeronautics professors wer calld &amp; they wer askd 2 sit in an aeroplane. Aftr they sat they wer told dat the plane ws made by their students. Dey all hurried out of d plane.. Bt only 1 didnt move... He said:\if it is made by my students,0,0
I see the letter B on my car,0,0
Hi its LUCY Hubby at meetins all day Fri & I will B alone at hotel U fancy cumin over? Pls leave msg 2day 09099726395 Lucy x Callså£1/minMobsmoreLKPOBOX177HP51FL,1,0
"Tunde, how are you doing. This is just wishing you a great day. Abiola.",0,0
Then ur physics get a-?,0,0
S...from the training manual it show there is no tech process:)its all about password reset and troubleshooting:),0,0
somewhere out there beneath the pale moon light someone think in of u some where out there where dreams come true... goodnite &amp; sweet dreams,0,0
Also that chat was awesome but don't make it regular unless you can see her in person,0,0
Mum not going robinson already.,0,0
"Aight that'll work, thanks",0,0
"That day Ì_ say Ì_ cut ur hair at paragon, is it called hair sense? Do Ì_ noe how much is a hair cut? ",0,0
He neva grumble but i sad lor... Hee... Buy tmr lor aft lunch. But we still meetin 4 lunch tmr a not. Neva hear fr them lei. ÌÏ got a lot of work ar?,0,0
(You didn't hear it from me),0,0
Sac needs to carry on:),0,0
Wow v v impressed. Have funs shopping!,0,0
"I think your mentor is , but not 100 percent sure.",0,0
"Goodmorning, today i am late for 2hrs. Because of back pain.",0,0
Only once then after ill obey all yours.,0,0
Really do hope the work doesnt get stressful. Have a gr8 day.,0,0
I'm really not up to it still tonight babe,0,0
Oh yeah clearly it's my fault,0,0
Nothing will ever be easy. But don't be looking for a reason not to take a risk on life and love,0,0
"Congrats! 2 mobile 3G Videophones R yours. call 09061744553 now! videochat wid ur mates, play java games, Dload polyH music, noline rentl. bx420. ip4. 5we. 150pm",1,1
Ard 4 lor...,0,0
Ever thought about living a good life with a perfect partner? Just txt back NAME and AGE to join the mobile community. (100p/SMS),1,0
I'm fine. Hope you are good. Do take care.,0,0
Hey they r not watching movie tonight so i'll prob b home early...,0,0
"Cool, want me to go to kappa or should I meet you outside mu",0,0
Yes see ya not on the dot,0,0
Yup ok...,0,0
I absolutely LOVE South Park! I only recently started watching the office.,0,0
No she didnt. I will search online and let you know.,0,0
ÌÏ called dad oredi...,0,0
Oh ho. Is this the first time u use these type of words,0,0
No. She's currently in scotland for that.,0,0
Happy birthday to you....dear.with lots of love.rakhesh NRI,0,0
Am going to take bath ill place the key in window:-),0,0
If we win its really no 1 side for long time.,0,0
Leaving to qatar tonite in search of an opportunity.all went fast.pls add me in ur prayers dear.Rakhesh,0,0
Hello- thanx for taking that call. I got a job! Starts on monday!,0,0
\HI BABE UAWAKE?FEELLIKW SHIT.JUSTFOUND OUT VIA ALETTER THATMUM GOTMARRIED 4thNOV.BEHIND OURBACKS åÐ FUCKINNICE!SELFISH,0,0
Dai what this da.. Can i send my resume to this id.,0,0
If you're thinking of lifting me one then no.,0,0
Ok... Sweet dreams...,0,0
Do you want 750 anytime any network mins 150 text and a NEW video phone for only five pounds per week call 08000776320 now or reply for delivery Tomorrow,1,1
U still havent got urself a jacket ah?,0,0
Hows the pain dear?y r u smiling?,0,0
HAPPY NEW YEAR MY NO.1 MAN,0,0
You best watch what you say cause I get drunk as a motherfucker,0,0
K. I will sent it again,0,0
Boooo you always work. Just quit.,0,0
ok....take care.umma to you too...,0,0
Die... I accidentally deleted e msg i suppose 2 put in e sim archive. Haiz... I so sad...,0,0
We can go 4 e normal pilates after our intro...  ,0,0
I think u have the wrong number.,0,0
Okay name ur price as long as its legal! Wen can I pick them up? Y u ave x ams xx,0,0
I had askd u a question some hours before. Its answer,0,0
I'd like to tell you my deepest darkest fantasies. Call me 09094646631 just 60p/min. To stop texts call 08712460324 (nat rate),1,0
We r outside already.,0,0
"He is impossible to argue with and he always treats me like his sub, like he never released me ... Which he did and I will remind him of that if necessary",0,0
Why are u up so early?,0,0
WOW! The Boys R Back. TAKE THAT 2007 UK Tour. Win VIP Tickets & pre-book with VIP Club. Txt CLUB to 81303. Trackmarque Ltd info@vipclub4u.,1,0
Aight do you still want to get money,0,0
"Sorry, I'll call you  later. I am in meeting sir.",0,0
A å£400 XMAS REWARD IS WAITING FOR YOU! Our computer has randomly picked you from our loyal mobile customers to receive a å£400 reward. Just call 09066380611,1,0
Ok which your another number,0,0
Very hurting n meaningful lines ever: \I compromised everything for my love,0,0
When u love someone Dont make them to love u as much as u do. But Love them so much that they dont want to be loved by anyone except you... Gud nit.,0,0
Dont worry. I guess he's busy.,0,0
Hi good mornin.. Thanku wish u d same..,0,0
"Good afternoon, babe. How goes that day ? Any job prospects yet ? I miss you, my love ... *sighs* ... :-(",0,0
"Alright we'll bring it to you, see you in like  &lt;#&gt;  mins",0,0
That is wondarfull song,0,0
One of best dialogue in cute reltnship..!! \Wen i Die,0,0
Thanks for being there for me just to talk to on saturday. You are very dear to me. I cherish having you as a brother and role model.,0,0
I dont have any of your file in my bag..i was in work when you called me.i 'll tell you if i find anything in my room.,0,0
"1000's flirting NOW! Txt GIRL or BLOKE & ur NAME & AGE, eg GIRL ZOE 18 to 8007 to join and get chatting!",1,0
You give us back my id proof and  &lt;#&gt;  rs. We wont allow you to work. We will come to your home within days,0,0
From 5 to 2 only my work timing.,0,0
You've always been the brainy one.,0,0
Thanks for ve lovely wisheds. You rock,0,0
When you guys planning on coming over?,0,0
"Jay wants to work out first, how's 4 sound?",0,0
Bull. Your plan was to go floating off to IKEA with me without a care in the world. So i have to live with your mess another day.,0,0
"Sorry, I'll call later in meeting",0,0
Then we wait 4 u lor... No need 2 feel bad lar...,0,0
Not heard from U4 a while. Call 4 rude chat private line 01223585334 to cum. Wan 2C pics of me gettin shagged then text PIX to 8552. 2End send STOP 8552 SAM xxx,1,0
K go and sleep well. Take rest:-).,0,0
"Yup, leaving right now, be back soon",0,0
Oi. Ami parchi na re. Kicchu kaaj korte iccha korche na. Phone ta tul na. Plz. Plz.,0,0
Can. Dunno wat to get 4 her...,0,0
Oh k:)after that placement there ah?,0,0
"TheMob> Check out our newest selection of content, Games, Tones, Gossip, babes and sport, Keep your mobile fit and funky text WAP to 82468",1,1
Just got up. have to be out of the room very soon. ‰Û_. i hadn't put the clocks back til at 8 i shouted at everyone to get up and then realised it was 7. wahay. another hour in bed.,0,0
So li hai... Me bored now da lecturer repeating last weeks stuff waste time... ,0,0
Yes but I don't care cause I know its there!,0,0
Get ready for  &lt;#&gt;  inches of pleasure...,0,0
I have a sore throat. It's scratches when I talk,0,0
"Send ur birthdate with month and year, I will tel u ur LIFE PARTNER'S name. and the method of calculation. Reply must.",0,0
Ok. I only ask abt e movie. U wan ktv oso?,0,0
My drive can only be read. I need to write,0,0
Where are you ? What are you doing ? Are yuou working on getting the pc to your mom's ? Did you find a spot that it would work ? I need you,0,0
"Download as many ringtones as u like no restrictions, 1000s 2 choose. U can even send 2 yr buddys. Txt Sir to 80082 å£3 ",1,0
For me the love should start with attraction.i should feel that I need her every time around me.she should be the first thing which comes in my thoughts.I would start the day and end it with her.she should be there every time I dream.love will be then when my every breath has her name.my life should happen around her.my life will be named to her.I would cry for her.will give all my happiness and take all her sorrows.I will be ready to fight with anyone for her.I will be in love when I will be doing the craziest things for her.love will be when I don't have to proove anyone that my girl is the most beautiful lady on the whole planet.I will always be singing praises for her.love will be when I start up making chicken curry and end up makiing sambar.life will be the most beautiful then.will get every morning and thank god for the day because she is with me.I would like to say a lot..will tell later..,0,0
"Aight no rush, I'll ask jay",0,0
Yes:)here tv is always available in work place..,0,0
Sure but since my parents will be working on Tuesday I don't really need a cover story,0,0
"I'm done. I'm sorry. I hope your next space gives you everything you want. Remember all the furniture is yours. If i'm not around when you move it, just lock all the locks and leave the key with jenne.",0,0
Correct. So how was work today,0,0
Shall I bring us a bottle of wine to keep us amused? Only joking! I‰Û÷ll bring one anyway,0,0
Where r e meeting tmr?,0,0
Now? I'm going out 4 dinner soon..,0,0
Do you work all this week ?,0,0
"Ur balance is now å£600. Next question: Complete the landmark, Big, A. Bob, B. Barry or C. Ben ?. Text A, B or C to 83738. Good luck!",1,0
Did u download the fring app?,0,0
Yes..he is really great..bhaji told kallis best cricketer after sachin in world:).very tough to get out.,0,0
Great! I hope you like your man well endowed. I am  &lt;#&gt;  inches...,0,0
"As in missionary hook up, doggy hook up, standing...|",0,0
"I promise to take good care of you, princess. I have to run now. Please send pics when you get a chance. Ttyl!",0,0
"We have sent JD for Customer Service cum Accounts Executive to ur mail id, For details contact us",0,0
"Hi hope u get this txt~journey hasnt been gd,now about 50 mins late I think.",0,0
Mm i had my food da from out,0,0
Text PASS to 69669 to collect your polyphonic ringtones. Normal gprs charges apply only. Enjoy your tones,1,0
Same to u...,0,0
So u gonna get deus ex?,0,0
So there's a ring that comes with the guys costumes. It's there so they can gift their future yowifes. Hint hint,0,0
"Yo, call me when you get the chance, a friend of mine wanted me to ask you about a big order",0,0
No plans yet. What are you doing ?,0,0
No problem. Talk to you later,0,0
Sindu got job in birla soft ..,0,0
"I dun thk i'll quit yet... Hmmm, can go jazz ? Yogasana oso can... We can go meet em after our lessons den... ",0,0
5 nights...We nt staying at port step liao...Too ex,0,0
How long does applebees fucking take,0,0
I donno its in your genes or something,0,0
"URGENT! You have won a 1 week FREE membership in our å£100,000 Prize Jackpot! Txt the word: CLAIM to No: 81010 T&C www.dbuk.net LCCLTD POBOX 4403LDNW1A7RW18",1,1
Please call our customer service representative on 0800 169 6031 between 10am-9pm as you have WON a guaranteed å£1000 cash or å£5000 prize!,1,1
"Yeah, probably here for a while",0,0
"He will, you guys close?",0,0
"(I should add that I don't really care and if you can't I can at least get this dude to fuck off but hey, your money if you want it)",0,0
Probably gonna swing by in a wee bit,0,0
Wow so healthy. Old airport rd lor. Cant thk of anything else. But i'll b bathing my dog later.,0,0
No management puzzeles.,0,0
URGENT! We are trying to contact U. Todays draw shows that you have won a å£800 prize GUARANTEED. Call 09050003091 from land line. Claim C52. Valid12hrs only,1,1
No. 1 Nokia Tone 4 ur mob every week! Just txt NOK to 87021. 1st Tone FREE ! so get txtin now and tell ur friends. 150p/tone. 16 reply HL 4info,1,1
Yup but not studying surfing lor. I'm in e lazy mode today.,0,0
Ya that one is slow as poo,0,0
Those were my exact intentions,0,0
"Whenevr ur sad, Whenevr ur gray, Remembr im here 2 listn 2 watevr u wanna say, Jus walk wid me a little while,&amp; I promise I'll bring back ur smile.:-)",0,0
FREE for 1st week! No1 Nokia tone 4 ur mobile every week just txt NOKIA to 8077 Get txting and tell ur mates. www.getzed.co.uk POBox 36504 W45WQ 16+ norm150p/tone,1,1
U have a Secret Admirer who is looking 2 make contact with U-find out who they R*reveal who thinks UR so special-call on 09065171142-stopsms-08718727870150ppm,1,0
"Oh right, ok. I'll make sure that i do loads of work during the day!  got a really nasty cough today and is dry n shot so that should really help it!",0,0
"Time n Smile r the two crucial things in our life. Sometimes time makes us to forget smile, and sometimes someone's smile makes us to forget time gud noon",0,0
"They can try! They can get lost, in fact. Tee hee",0,0
"FreeMsg Hey U, i just got 1 of these video/pic fones, reply WILD to this txt & ill send U my pics, hurry up Im so bored at work xxx (18 150p/rcvd STOP2stop)",1,1
Fine i miss you very much.,0,0
I wnt to buy a BMW car urgently..its vry urgent.but hv a shortage of  &lt;#&gt; Lacs.there is no source to arng dis amt. &lt;#&gt; lacs..thats my prob,0,0
", im .. On the snowboarding trip. I was wondering if your planning to get everyone together befor we go..a meet and greet kind of affair? Cheers, ",0,0
Ok . . now i am in bus. . If i come soon i will come otherwise tomorrow,0,0
I have lost 10 kilos as of today!,0,0
Am i that much bad to avoid like this?,0,0
Understand. his loss is my gain :) so do you work? School?,0,0
Just sing HU. I think its also important to find someone female that know the place well preferably a citizen that is also smart to help you navigate through. Even things like choosing a phone plan require guidance. When in doubt ask especially girls.,0,0
I could ask carlos if we could get more if anybody else can chip in,0,0
How's it feel? Mr. Your not my real Valentine just my yo Valentine even tho u hardly play!!,0,0
I‰Û÷m parked next to a MINI!!!! When are you coming in today do you think?,0,0
"Sorry my roommates took forever, it ok if I come by now?",0,0
"Daddy, shu shu is looking 4 u... U wan me 2 tell him u're not in singapore or wat?",0,0
Smith waste da.i wanna gayle.,0,0
on a Tuesday night r u 4 real,0,0
WE REGRET TO INFORM U THAT THE NHS HAS MADE A MISTAKE.U WERE NEVER ACTUALLY BORN.PLEASE REPORT 2 YOR LOCAL HOSPITAL 2B TERMINATED.WE R SORRY 4 THE INCONVENIENCE,0,0
"4 tacos + 1 rajas burrito, right?",0,0
\alright babe,0,0
Dear umma she called me now :-),0,0
Well there's a pattern emerging of my friends telling me to drive up and come smoke with them and then telling me that I'm a weed fiend/make them smoke too much/impede their doing other things so you see how I'm hesitant,0,0
After completed degree. There is no use in joining finance.,0,0
K I'll take care of it,0,0
INTERFLORA - åÒIt's not too late to order Interflora flowers for christmas call 0800 505060 to place your order before Midnight tomorrow.,1,0
S'fine. Anytime. All the best with it.,0,0
Will purchase d stuff today and mail to you. Do you have a po box number?,0,0
His bday real is in april .,0,0
"Nope, I'm still in the market",0,0
"Ahhhh...just woken up!had a bad dream about u tho,so i dont like u right now :) i didnt know anything about comedy night but i guess im up for it.",0,0
hi baby im cruisin with my girl friend what r u up 2? give me a call in and hour at home if thats alright or fone me on this fone now love jenny xxx,0,0
 &lt;#&gt;  in mca. But not conform.,0,0
R u still working now?,0,0
Lol no. I just need to cash in my nitros. Hurry come on before I crash out!,0,0
Except theres a chick with huge boobs.,0,0
I'm freezing and craving ice. Fml,0,0
Really good:)dhanush rocks once again:),0,0
I will be outside office take all from there,0,0
Thanx 4 e brownie it's v nice...,0,0
"Cool, I'll text you when I'm on the way",0,0
Oh you got many responsibilities.,0,0
"Hello from Orange. For 1 month's free access to games, news and sport, plus 10 free texts and 20 photo messages, reply YES. Terms apply: www.orange.co.uk/ow",1,1
Wow didn't think it was that common. I take it all back ur not a freak! Unless u chop it off:-),0,0
Its sunny in california. The weather's just cool,0,0
"I jus hope its true that  missin me cos i'm really missin him! You haven't done anything to feel guilty about, yet.",0,0
"It wont b until 2.15 as trying 2 sort house out, is that ok?",0,0
2marrow only. Wed at  &lt;#&gt;  to 2 aha.,0,0
Tell me whos this pls:-),0,0
Cold. Dont be sad dear,0,0
"That‰Û÷s the thing with apes, u can fight to the death to keep something, but the minute they have it when u let go, thats it!",0,0
"What's up bruv, hope you had a great break. Do have a rewarding semester.",0,0
"Fair enough, anything going on?",0,0
"TODAY is Sorry day.! If ever i was angry with you, if ever i misbehaved or hurt you? plz plz JUST SLAP URSELF Bcoz, Its ur fault, I'm basically GOOD",0,0
I dont have i shall buy one dear,0,0
I am sorry it hurt you.,0,0
I love to wine and dine my lady!,0,0
"Did he say how fantastic I am by any chance, or anything need a bigger life lift as losing the will 2 live, do you think I would be the first person 2 die from N V Q? ",0,0
Oh god. I'm gonna Google nearby cliffs now.,0,0
Just glad to be talking to you.,0,0
Not heard from U4 a while. Call 4 rude chat private line 01223585334 to cum. Wan 2C pics of me gettin shagged then text PIX to 8552. 2End send STOP 8552 SAM xxx,1,0
So lets make it saturday or monday as per convenience.,0,0
"Ya they are well and fine., BBD(pooja) full pimples..even she become quite black..and ur rite here its too cold, wearing sweatter..",0,0
"Ya ok, then had dinner?",0,0
Great. So should i send you my account number.,0,0
"Yeah go on then, bored and depressed sittin waitin for phone to ring... Hope the wind drops though, scary",0,0
"Last Chance! Claim ur å£150 worth of discount vouchers today! Text SHOP to 85023 now! SavaMob, offers mobile! T Cs SavaMob POBOX84, M263UZ. å£3.00 Sub. 16",1,1
"I'm not coming over, do whatever you want",0,0
"Free-message: Jamster!Get the crazy frog sound now! For poly text MAD1, for real text MAD2 to 88888. 6 crazy sounds for just 3 GBP/week! 16+only! T&C's apply",1,1
URGENT! We are trying to contact U. Todays draw shows that you have won a å£800 prize GUARANTEED. Call 09050001295 from land line. Claim A21. Valid 12hrs only,1,1
"Em, its olowoyey@ usc.edu have a great time in argentina. Not sad about secretary, everything is a blessing",0,0
NOT MUCH NO FIGHTS. IT WAS A GOOD NITE!!,0,0
&lt;#&gt; ISH MINUTES WAS 5 MINUTES AGO. WTF.,0,0
Join the UK's horniest Dogging service and u can have sex 2nite!. Just sign up and follow the instructions. Txt ENTRY to 69888 now! Nyt.EC2A.3LP.msg@150p,1,1
CALL 09090900040 & LISTEN TO EXTREME DIRTY LIVE CHAT GOING ON IN THE OFFICE RIGHT NOW TOTAL PRIVACY NO ONE KNOWS YOUR [sic] LISTENING 60P MIN 24/7MP 0870753331018+,1,0
So do you have samus shoulders yet,0,0
Havent.,0,0
Alex knows a guy who sells mids but he's down in south tampa and I don't think I could set it up before like 8,0,0
If you hear a loud scream in about &lt;#&gt; minutes its cause my Gyno will be shoving things up me that don't belong :/,0,0
Thanx but my birthday is over already.,0,0
What type of stuff do you sing?,0,0
"Wishing you and your family Merry \X\"" mas and HAPPY NEW Year in advance..""",0,0
100 dating service cal;l 09064012103 box334sk38ch,1,0
Oh ok..,0,0
"Haha awesome, I might need to take you up on that, what you doin tonight?",0,0
I want snow. It's just freezing and windy.,0,0
"Sorry, I'll call later In meeting.",0,0
Still chance there. If you search hard you will get it..let have a try :),0,0
"Beautiful Truth against Gravity.. Read carefully: \Our heart feels light when someone is in it.. But it feels very heavy when someone leaves it..\"" GOOD NIGHT""",0,0
That day you asked about anand number. Why:-),0,0
"Sorry, got a late start, we're on the way",0,0
Da is good good player.why he is unsold.,0,0
Rofl betta invest in some  anti aging products,0,0
"The guy (kadeem) hasn't been selling since the break, I know one other guy but he's paranoid as fuck and doesn't like selling without me there and I can't be up there til late tonight",0,0
And by when you're done I mean now,0,0
What you doing?how are you?,0,0
Bloomberg -Message center +447797706009 Why wait? Apply for your future http://careers. bloomberg.com,1,0
Did u got that persons story,0,0
"Nah can't help you there, I've never had an iphone",0,0
"Sorry, I'll call later",0,0
2/2 146tf150p,1,0
"A boy was late 2 home. His father: \POWER OF FRNDSHIP\""""",0,0
How are you. Just checking up on you,0,0
I hope you that's the result of being consistently intelligent and kind. Start asking him about practicum links and keep your ears open and all the best. ttyl,0,0
"\Hi darlin i cantdo anythingtomorrow as myparents aretaking me outfor a meal. when are u free? Katexxx\""""",0,0
Hey you can pay. With salary de. Only  &lt;#&gt; .,0,0
Yeah do! Don‰Û÷t stand to close tho- you‰Û÷ll catch something!,0,0
Ok i msg u b4 i leave my house.,0,0
Still i have not checked it da. . .,0,0
PRIVATE! Your 2003 Account Statement for 078,1,0
Where are you call me.,0,0
Lol your always so convincing.,0,0
"Beautiful Truth against Gravity.. Read carefully: \Our heart feels light when someone is in it.. But it feels very heavy when someone leaves it..\"" GOOD NIGHT""",0,0
Ok give me 5 minutes I think I see her. BTW you're my alibi. You were cutting my hair the whole time.,0,0
You said to me before i went back to bed that you can't sleep for anything.,0,0
Why you keeping me away like this,0,0
Lol no. U can trust me.,0,0
Da my birthdate in certificate is in april but real date is today. But dont publish it. I shall give you a special treat if you keep the secret. Any way thanks for the wishes,0,0
Hey I am really horny want to chat or see me naked text hot to 69698 text charged at 150pm to unsubscribe text stop 69698,1,1
Nice.nice.how is it working?,0,0
Ok...,0,0
Pandy joined 4w technologies today.he got job..,0,0
"Awesome, that gonna be soon or later tonight?",0,0
This is wishing you a great day. Moji told me about your offer and as always i was speechless. You offer so easily to go to great lengths on my behalf and its stunning. My exam is next friday. After that i will keep in touch more. Sorry.,0,0
And maybe some pressies,0,0
Nice.nice.how is it working?,0,0
Its sarcasm.. .nt scarcasim,0,0
Pls call me da. What happen.,0,0
Missed call alert. These numbers called but left no message. 07008009200,1,0
Am on a train back from northampton so i'm afraid not! I'm staying skyving off today ho ho! Will be around wednesday though. Do you fancy the comedy club this week by the way?,0,0
"Haha better late than ever, any way I could swing by?",0,0
Santa calling! Would your little ones like a call from Santa Xmas Eve? Call 09077818151 to book you time. Calls1.50ppm last 3mins 30s T&C www.santacalling.com,1,0
We walked from my moms. Right on stagwood pass right on winterstone left on victors hill. Address is &lt;#&gt;,0,0
Pls help me tell Ashley that i cant find her number oh,0,0
Hui xin is in da lib.,0,0
No * am working on the ringing u thing but have whole houseful of screaming brats so * am pulling my hair out! Loving u,0,0
Wat u doing there?,0,0
"Very strange.  and  are watching the 2nd one now but i'm in bed. Sweet dreams, miss u ",0,0
Right it wasnt you who phoned it was someone with a number like yours!,0,0
"Wow ... I love you sooo much, you know ? I can barely stand it ! I wonder how your day goes and if you are well, my love ... I think of you and miss you",0,0
I want to lick your pussy now...,0,0
"Sorry, I'll call later",0,0
I dont thnk its a wrong calling between us,0,0
Joy's father is John. Then John is the NAME of Joy's father. Mandan,0,0
Omg Joanna is freaking me out. She's looked thru all my friends to find photos of me. And then she's asking about stuff on my MySpace which I haven't even logged on in like a year. :/,0,0
I plane to give on this month end.,0,0
Hurry home. Soup is DONE!,0,0
"Thanks for your ringtone order, reference number X49. Your mobile will be charged 4.50. Should your tone not arrive please call customer services 09065989182. From: [colour=red]text[/colour]TXTstar",1,1
Maybe?! Say hi to  and find out if  got his card. Great escape or wetherspoons? ,0,0
Ok lor.,0,0
I thought slide is enough.,0,0
Ok but knackered. Just came home and went to sleep! Not good at this full time work lark.,0,0
Come aftr  &lt;DECIMAL&gt; ..now i m cleaning the house,0,0
Goodmorning sleeping ga.,0,0
"The sign of maturity is not when we start saying big things.. But actually it is, when we start understanding small things... *HAVE A NICE EVENING* BSLVYL",0,0
we tried to contact you re your response to our offer of a new nokia fone and camcorder hit reply or call 08000930705 for delivery,1,1
U calling me right? Call my hand phone...,0,0
Take care and sleep well.you need to learn to change in life.you only need to get CONVINCED on that.i will wait but no more conversations between us.GET CONVINCED by that time.Your family is over for you in many senses.respect them but not overemphasise.or u have no role in my life.,0,0
"\Life is nothing wen v get everything\"". But \""life is everything wen v miss something \"". Real value of people wil be realized only in their absence.... gud mrng""",0,0
In xam hall boy asked girl Tell me the starting term for dis answer I can den manage on my own After lot of hesitation n lookin around silently she said THE! intha ponnungale ipaditan;),0,0
When're you guys getting back? G said you were thinking about not staying for mcr,0,0
Mm that time you dont like fun,0,0
"Good afternoon on this glorious anniversary day, my sweet J !! I hope this finds you happy and content, my Prey. I think of you and send a teasing kiss from across the sea coaxing images of fond souveniers ... You Cougar-Pen",0,0
Hi:)did you asked to waheeda fathima about leave?,0,0
"Spoke with uncle john today. He strongly feels that you need to sacrifice to keep me here. He's going to call you. When he does, i beg you to just listen. Dont make any promises or make it clear things are not easy. And i need you to please let us work things out. As long as i keep expecting help, my creativity will be stifled so pls just keep him happy, no promises on your part.",0,0
URGENT This is our 2nd attempt to contact U. Your å£900 prize from YESTERDAY is still awaiting collection. To claim CALL NOW 09061702893. ACL03530150PM,1,1
Lol yeah at this point I guess not,0,0
"SIX chances to win CASH! From 100 to 20,000 pounds txt> CSH11 and send to 87575. Cost 150p/day, 6days, 16+ TsandCs apply Reply HL 4 info",1,1
Bugis oso near wat... ,0,0
", ow u dey.i paid 60,400thousad.i told  u would call . ",0,0
K..k:)how about your training process?,0,0
Apo all other are mokka players only,0,0
Olol i printed out a forum post by a guy with the exact same  prob which was fixed with a gpu replacement. Hopefully they dont ignore that.,0,0
"Welcome to Select, an O2 service with added benefits. You can now call our specially trained advisors FREE from your mobile by dialling 402.",1,1
"\Im at arestaurant eating squid! i will be out about 10:30 wanna dosomething or is that to late?\""""",0,0
"GOD ASKED, \What is forgiveness?\"" A little child gave lovely reply",0,0
Yeah just open chat and click friend lists. Then make the list. Easy as pie,0,0
Oh Howda gud gud.. Mathe en samachara chikku:-),0,0
We'll you pay over like  &lt;#&gt; yrs so its not too difficult,0,0
Btw regarding that we should really try to see if anyone else can be our 4th guy before we commit to a random dude,0,0
There is os called ubandu which will run without installing in hard disk...you can use that os to copy the important files in system and give it to repair shop..,0,0
Goodnight da thangam I really miss u dear.,0,0
"Piggy, r u awake? I bet u're still sleeping. I'm going 4 lunch now...",0,0
Really... I tot ur paper ended long ago... But wat u copied jus now got use? U happy lar... I still haf 2 study :-(,0,0
"500 New Mobiles from 2004, MUST GO! Txt: NOKIA to No: 89545 & collect yours today!From ONLY å£1 www.4-tc.biz 2optout 087187262701.50gbp/mtmsg18 TXTAUCTION",1,1
"Yeah probably, I still gotta check out with leo",0,0
I dled 3d its very imp,0,0
Ha ha ha good joke. Girls are situation seekers.,0,0
WIN URGENT! Your mobile number has been awarded with a å£2000 prize GUARANTEED call 09061790121 from land line. claim 3030 valid 12hrs only 150ppm ,1,1
"I got arrested for possession at, I shit you not,  &lt;TIME&gt;  pm",0,0
IM FINE BABES AINT BEEN UP 2 MUCH THO! SAW SCARY MOVIE YEST ITS QUITE FUNNY! WANT 2MRW AFTERNOON? AT TOWN OR MALL OR SUMTHIN?xx,0,0
Can you let me know details of fri when u find out cos I'm not in tom or fri. mentionned chinese. Thanks,0,0
"Arms fine, how's Cardiff and uni? ",0,0
"For ur chance to win a å£250 cash every wk TXT: ACTION to 80608. T's&C's www.movietrivia.tv custcare 08712405022, 1x150p/wk",1,1
Please CALL 08712402578 immediately as there is an urgent message waiting for you,1,1
"Sorry, I'll call later  &lt;#&gt; mins",0,0
Yeah I imagine he would be really gentle. Unlike the other docs who treat their patients like turkeys.,0,0
"Turns out my friends are staying for the whole show and won't be back til ~ &lt;#&gt; , so feel free to go ahead and smoke that $ &lt;#&gt;  worth",0,0
Wa... U so efficient... Gee... Thanx...,0,0
Onum ela pa. Normal than.,0,0
HARD BUT TRUE: How much you show &amp;  express your love to someone....that much it will hurt when they leave you or you get seperated...!Žö´‰Ó_??‹Û¬ud evening...,0,0
I'm at home n ready...,0,0
I am back. Good journey! Let me know if you need any of the receipts. Shall i tell you like the pendent?,0,0
No no. I will check all rooms befor activities,0,0
Arun can u transfr me d amt,0,0
"Men always needs a beautiful, intelligent, caring, loving, adjustable, cooperative wife. But the law allows only one wife....",0,0
Bognor it is! Should be splendid at this time of year.,0,0
Even u dont get in trouble while convincing..just tel him once or twice and just tel neglect his msgs dont c and read it..just dont reply,0,0
Don know:)this week i'm going to tirunelvai da.,0,0
Ya i knw u vl giv..its ok thanks kano..anyway enjoy wit ur family wit 1st salary..:-);-),0,0
Where in abj are you serving. Are you staying with dad or alone.,0,0
Yes! How is a pretty lady like you single?,0,0
Sorry sent blank msg again. Yup but trying 2 do some serious studying now.,0,0
Would you like to see my XXX pics they are so hot they were nearly banned in the uk!,1,0
PRIVATE! Your 2003 Account Statement for shows 800 un-redeemed S. I. M. points. Call 08719899230 Identifier Code: 41685 Expires 07/11/04,1,1
I'll be at mu in like  &lt;#&gt;  seconds,0,0
All boys made fun of me today. Ok i have no problem. I just sent one message just for fun,0,0
You have won a guaranteed å£200 award or even å£1000 cashto claim UR award call free on 08000407165 (18+) 2 stop getstop on 88222 PHP. RG21 4JX,1,1
hi baby im sat on the bloody bus at the mo and i wont be home until about 7:30 wanna do somethin later? call me later ortxt back jess xx,0,0
Don't fret. I'll buy the ovulation test strips and send them to you. You wont get them til like march. Can you send me your postal address.u'll be alright.Okay.,0,0
"Hmmm ... And imagine after you've come home from that having to rub my feet, make me dinner and help me get ready for my date ! Are you sure your ready for that kind of life ?",0,0
Ok lor wat time Ì_ finish?,0,0
"Night has ended for another day, morning has come in a special way. May you smile like the sunny rays and leaves your worries at the blue blue bay. Gud mrng",0,0
"So check your errors and if you had difficulties, do correction.",0,0
Yeah you should. I think you can use your gt atm now to register. Not sure but if there's anyway i can help let me know. But when you do be sure you are ready.,0,0
Y de asking like this.,0,0
We tried to contact you re your reply to our offer of 750 mins 150 textand a new video phone call 08002988890 now or reply for free delivery tomorrow,1,1
Ok but tell me half an hr b4 u come i need 2 prepare.,0,0
WHO ARE YOU SEEING?,0,0
Horrible u eat macs eat until u forgot abt me already rite... U take so long 2 reply. I thk it's more toot than b4 so b prepared. Now wat shall i eat?,0,0
I dont know oh. Hopefully this month.,0,0
"Right on brah, see you later",0,0
Todays Vodafone numbers ending with 4882 are selected to a receive a å£350 award. If your number matches call 09064019014 to receive your å£350 award.,1,1
You have WON a guaranteed å£1000 cash or a å£2000 prize. To claim yr prize call our customer service representative on 08714712394 between 10am-7pm,1,1
Please call our customer service representative on FREEPHONE 0808 145 4742 between 9am-11pm as you have WON a guaranteed å£1000 cash or å£5000 prize!,1,1
Ho ho - big belly laugh! See ya tomo,0,0
Thanks honey. Have a great day.,0,0
We got a divorce. Lol. She.s here,0,0
K:)all the best:)congrats...,0,0
"Hey babe, sorry i didn't get sooner. Gary can come and fix it cause he thinks he knows what it is but he doesn't go as far a Ptbo and he says it will cost  &lt;#&gt;  bucks. I don't know if it might be cheaper to find someone there ? We don't have any second hand machines at all right now, let me know what you want to do babe",0,0
"Your free ringtone is waiting to be collected. Simply text the password \MIX\"" to 85069 to verify. Get Usher and Britney. FML",1,0
Dont show yourself. How far. Put new pictures up on facebook.,0,0
Our Prashanthettan's mother passed away last night. pray for her and family.,0,0
"I wake up long ago already... Dunno, what other thing?",0,0
I send the print  outs da.,0,0
Everybody had fun this evening. Miss you.,0,0
K.:)do it at evening da:)urgent:),0,0
it to 80488. Your 500 free text messages are valid until 31 December 2005.,1,0
"Do you ever notice that when you're driving, anyone going slower than you is an idiot and everyone driving faster than you is a maniac?",1,0
That seems unnecessarily affectionate,0,0
cud u tell ppl im gona b a bit l8 cos 2 buses hav gon past cos they were full & im still waitin 4 1. Pete x,0,0
Ha... Then we must walk to everywhere... Cannot take tram. My cousin said can walk to vic market from our hotel ,0,0
Will you come online today night,0,0
I dunno lei... Like dun haf...,0,0
Valentines Day Special! Win over å£1000 in our quiz and take your partner on the trip of a lifetime! Send GO to 83600 now. 150p/msg rcvd. CustCare:08718720201.,1,1
Crucify is c not s. You should have told me earlier.,0,0
We are pleased to inform that your application for Airtel Broadband is processed successfully. Your installation will happen within 3 days.,0,0
"Thank you so much. When we skyped wit kz and sura, we didnt get the pleasure of your company. Hope you are good. We've given you ultimatum oh! We are countin down to aburo. Enjoy! This is the message i sent days ago",0,0
Have a great trip to India. And bring the light to everyone not just with the project but with everyone that is lucky to see you smile. Bye. Abiola,0,0
E admin building there? I might b slightly earlier... I'll call u when i'm reaching...,0,0
"Tyler (getting an 8th) has to leave not long after 9, can you get here in like an hour?",0,0
S.i think he is waste for rr..,0,0
Can you plz tell me the ans. BSLVYL sent via fullonsms.com,0,0
No he didn't. Spring is coming early yay!,0,0
Haf u found him? I feel so stupid da v cam was working.,0,0
Going on nothing great.bye,0,0
YES! The only place in town to meet exciting adult singles is now in the UK. Txt CHAT to 86688 now! 150p/Msg.,1,1
"You are guaranteed the latest Nokia Phone, a 40GB iPod MP3 player or a å£500 prize! Txt word: COLLECT to No: 83355! IBHltd LdnW15H 150p/Mtmsgrcvd18",1,1
Then we gotta do it after that,0,0
I'll be late...,0,0
Do you want a new video handset? 750 anytime any network mins? Half Price Line Rental? Camcorder? Reply or call 08000930705 for delivery tomorrow,1,1
"Win the newest åÒHarry Potter and the Order of the Phoenix (Book 5) reply HARRY, answer 5 questions - chance to be the first among readers!",1,0
Pls confirm the time to collect the cheque.,0,0
"no, i *didn't* mean to post it. I wrote it, and like so many other times i've ritten stuff to you, i let it sit there. it WAS what i was feeling at the time. I was angry. Before i left, i hit send, then stop. It wasn't there. I checked on my phone when i got to my car. It wasn't there. You said you didn't sleep, you were bored. So why wouldn't THAT be the time to clean, fold laundry, etc.? At least make the bed?",0,0
You will be in the place of that man,0,0
"Hi babe its Chloe, how r u? I was smashed on saturday night, it was great! How was your weekend? U been missing me? SP visionsms.com Text stop to stop 150p/text",1,1
I will see in half an hour,0,0
"Lol, oh you got a friend for the dog ?",0,0
Ill call you evening ill some ideas.,0,0
"Thursday night? Yeah, sure thing, we'll work it out then",0,0
7 at esplanade.. Do Ì_ mind giving me a lift cos i got no car today..,0,0
My house here e sky quite dark liao... If raining then got excuse not 2 run already rite... Hee...,0,0
Thankyou so much for the call. I appreciate your care.,0,0
Purity of friendship between two is not about smiling after reading the forwarded message..Its about smiling just by seeing the name. Gud evng musthu,0,0
Ok...,0,0
"Carlos took a while (again), we leave in a minute",0,0
Takin a shower now but yeah I'll leave when I'm done,0,0
"New Theory: Argument wins d SITUATION, but loses the PERSON. So dont argue with ur friends just.. . . . kick them &amp; say, I'm always correct.!",0,0
Sex up ur mobile with a FREE sexy pic of Jordan! Just text BABE to 88600. Then every wk get a sexy celeb! PocketBabe.co.uk 4 more pics. 16 å£3/wk 087016248,1,1
"Hello. No news on job, they are making me wait a fifth week! Yeah im up for some woozles and weasels... In exeter still, but be home about 3. ",0,0
Ok how you dear. Did you call chechi,0,0
K still are you loving me.,0,0
 &lt;DECIMAL&gt; m but its not a common car here so its better to buy from china or asia. Or if i find it less expensive. I.ll holla,0,0
Rightio. 11.48 it is then. Well arent we all up bright and early this morning.,0,0
Yes i have. So that's why u texted. Pshew...missing you so much,0,0
"Get the door, I'm here",0,0
Kit Strip - you have been billed 150p. Netcollex Ltd. PO Box 1013 IG11 OJA,1,0
